zone,carbon_intensity,schedule_temperature,schedule_pressure,schedule_speed,schedule_feed_rate,schedule_humidity,schedule_pred_yield,schedule_pred_quality,schedule_pred_energy,schedule_pred_carbon,schedule_material_density,schedule_material_hardness,schedule_material_grade
LOW,50.0,259.898042040738,1.6861405814673875,2369.9059417058934,1.5239239785493974,45.94823778551299,0.8375867009162903,0.3768247067928314,500.2116394042969,301.747309612271,4.49045850474768,54.7473270861869,1.9985
MEDIUM,250.0,258.68122855721543,1.3745052977614929,1759.0503463376976,1.5202767487416489,41.675169449360425,0.8353626728057861,0.3659530580043793,500.0731506347656,301.747309612271,4.49045850474768,54.7473270861869,1.9985
HIGH,500.0,258.68122855721543,1.3745052977614929,1759.0503463376976,1.5202767487416489,41.675169449360425,0.8353626728057861,0.3659530580043793,500.0731506347656,301.747309612271,4.49045850474768,54.7473270861869,1.9985
